,X,Y
0,-0.2621985252795336,0.4569577511544488
1,-0.9552705172172739,-0.3776457697610764
2,0.11975893534368084,1.0042043064900745
3,-0.8175254381875613,-0.636813086976734
4,0.3419307922274156,0.4089662454216235
5,-0.05430528312132891,0.9291295746966693
6,-0.19688422233070188,-0.8721576208814897
7,-0.4548797476604561,0.2799574779856906
8,0.1160766405738249,1.0705864378600518
9,-0.5714205982750327,0.8201976224044258
10,-0.4599747684123415,-0.8608420007237715
11,-0.3140877688944153,0.378160605667858
12,-0.18492060956737277,-0.47016735800759263
13,-0.34673989899320423,-0.30822193784912
14,-0.5264463653616661,-0.10142155079249213
15,1.0697374616895483,0.003657593532473455
16,-0.9678219939572617,-0.1771377750485423
17,0.020310031879869767,-0.4420569528859232
18,0.12508300536161415,0.4712754896589539
19,-0.5502302113430741,-0.0036336294551540874
20,0.476685686818036,-0.14984602178328463
21,-0.45714583353978216,-0.14920659249806983
22,-0.9111625533729159,-0.018761749010990807
23,-0.46526664101730875,0.21519929101634758
24,0.6454054846858572,-0.6298641834018958
25,-0.2761290336796644,0.42974614220009305
26,-0.9174149088705602,0.26074440078012695
27,0.24679523678232473,0.4444952197214252
28,0.49296354574112644,-0.05865068005541399
29,-0.1662879987398077,0.9754404075020252
30,-0.4503966793100088,0.0007917515832873492
31,-1.007910482604097,-0.16731307966732092
32,-0.608340237057048,0.9862172336209506
33,-0.9330400803953582,-0.3954456940303592
34,-0.39628891016068846,-0.14563331733146462
35,1.0100648198070834,-0.08315785284401211
36,0.48591700143460553,-0.03958242697513986
37,0.10263317317328324,0.4421602850349208
38,-0.3213254810470624,0.507857998458734
39,-0.2138688054972205,0.9312539474766379
40,0.5240252820620426,-0.7913067055192734
41,-1.0072288522695323,0.005100922043615383
42,0.22198510172447278,-0.45261768750997144
43,0.45490111279272805,-0.18343799951232995
44,-0.5747959095820897,-0.020839154759135586
45,-0.9583074149521911,-0.03494241273642988
46,0.4036394374794767,-0.330110801405054
47,-0.5466434201587843,0.8529613253732576
48,-0.6455945249711252,0.8320860361858499
49,-0.06592563026416716,1.064318109882567
50,-0.3225829300909766,0.9926496801650697
51,-0.09895324665680134,0.9438280420898486
52,0.4437087384054026,0.3624540990453413
53,0.4925543649534274,-0.2073263029418769
54,0.5304480738977406,-0.11133780464276503
55,-0.21857297240833734,-0.9449505637645587
56,-0.5172453059858927,0.24090584983611238
57,0.851647726737925,-0.27465799259281926
58,-0.38823083754090554,0.8126661036020498
59,0.00716896697170903,-1.0559277792229889
60,-0.9907176401965351,-0.11454283922157979
61,-0.6071151021178784,0.7038069554321236
62,0.6235324694087047,0.7599997653171213
63,0.06576400859517027,0.559070796670033
64,-0.057738482835626735,0.4769024609089926
65,-0.4044027899359778,0.33594061086221444
66,-0.9936505007682058,-0.3040706542158815
67,1.0173079791130681,0.10566978865285376
68,-0.25200532214720195,-0.47758355327255314
69,-0.4987894109489396,-0.04722904472372986
70,0.3190018389761879,0.5244343570775463
71,0.04433259846285344,1.0504372865261025
72,-0.7844265443450263,0.5644822730128629
73,-0.23148768280307616,0.9991252911609727
74,-0.5625052254615844,0.7225337654180843
75,0.48654876980226114,0.1083780037421534
76,-0.013839971447452151,0.5341178313191387
77,-0.6312297466984993,0.8170506399933647
78,0.5195260499242409,0.30267667818785404
79,0.8369391823713855,0.48911749314004904
80,-0.10366618821420401,0.5621475431759381
81,-0.18806073822429648,-0.9817783126531117
82,-0.3960809483376116,0.30032593279661246
83,-0.1932991116395777,0.5626039565986078
84,0.29675278109201747,-0.3998343111870774
85,0.2784569351168746,0.45363279890415176
86,-0.8917401636401916,-0.36143506481312826
87,-0.34003666495800333,0.38429916071107223
88,-0.15586310021238461,0.446932055995721
89,0.47748009540298286,-0.29977478127134644
90,-0.09537645685887858,1.0619756992246774
91,-0.9433719231924127,-0.13887328958705789
92,0.8129941420725803,0.5475765300286627
93,-0.28296894422252655,0.40342270787830675
94,-0.15948229263436392,-0.5062185189192907
95,-0.2548344976944671,-0.3981290014648916
96,0.0043046653191353736,-0.4067089644333961
97,-0.175799809318883,-0.3843785805915325
98,0.5200613580182176,0.07834233608577149
99,0.43552496507217286,0.9431336000831448
100,0.5177518641113935,0.08773507087823827
101,0.17532600262314343,-0.4611643056417233
102,-0.5204975242863517,-0.10438951399967478
103,-0.6719993360771445,0.8321486247430423
104,0.044562742177502085,1.051353686099634
105,0.4378741360753941,0.8731642540869063
106,-0.48781317864823076,0.20302347611265778
107,-0.4537690735123872,0.012127467742697406
108,-0.8716247610494792,-0.3748584903202661
109,-0.9112715693753808,-0.24290370627153343
110,-0.35413035754975825,-0.3628063233887015
111,0.01154888436850142,-0.6349129166400944
112,-0.45147917648319813,0.25103207391863047
113,0.28170883016392373,0.3371430459559404
114,0.3207343396217079,0.3218535169112659
115,-0.1694675805634837,-0.44464228500622427
116,-1.0098803579564073,-0.21464064817842454
117,0.9983608455245216,0.14868931651019346
118,0.13911538348348582,0.533418244323836
119,-0.8547531638291908,0.4435030436664205
120,0.27689086220264025,0.3027131300915488
121,-0.07873484110420809,-0.5225378376792487
122,0.37543775517759154,-0.3422818703267436
123,-0.5265532878702893,0.007139274138337332
124,0.08781019520089367,0.5691057723628186
125,-0.44838260328206825,0.06629719011414666
126,-0.0707034197410946,-0.587171600647878
127,0.48149456727938306,-0.7753699757975101
128,0.43305702261242596,-0.8288355703747896
129,-0.11889192683510659,0.5065210118765666
130,-0.24137588126432172,0.42387837610067497
131,-0.20787327356493288,-0.36938525484442986
132,0.2381555473182051,1.0050306109461307
133,0.7737378663626645,-0.49135560823320495
134,0.5553915989849381,-0.058641752210825314
135,0.4114087139461565,0.3289035194542398
136,0.4486288663572696,-0.8635866995680805
137,0.5073743021079143,0.16503283244924322
138,0.09545967275966058,0.46368504506990393
139,-0.1531111847503833,-0.49949448412517183
140,-0.2793286564458983,0.4879657137775406
141,0.660134595266231,-0.7432283483056654
142,-0.2828260902294899,0.3589982462103531
143,0.3495914995795638,0.4370487553621996
144,0.5219574418690797,-0.866317493967456
145,-0.4137544495752511,0.17407215279810123
146,-0.9928989040709353,-0.3212258146739161
147,-0.40873577231154423,0.25994542567810347
148,0.9368158131842497,-0.23653671554930097
149,1.0106710685367695,0.355482432374167
150,0.19557871421872342,-0.36147765871425075
151,0.13254395842273925,-0.4355139371475618
152,0.45726240914774774,0.9466457907539128
153,0.43491842300554745,0.2722898589764224
154,0.688596544925544,-0.7844159993799087
155,0.056978266349454895,0.4559532445359026
156,0.03858139204152078,-0.6612643647205881
157,0.8834143013913166,-0.49243685308946133
158,-0.41597498734875427,-0.060261937143385125
159,-0.47577269206801787,0.9172172011260834
160,-0.3883722739868182,0.9135945793238291
161,0.08699653122180301,0.4769762133139276
162,-0.26440704135380716,-0.4192075105571996
163,0.4386602947253719,0.8814827295083368
164,-0.3531894672819141,0.34606287995224
165,-0.482576288344901,-0.2609312987215924
166,0.49887011953903226,0.7771479946246547
167,0.22476638586440426,1.0522331893088757
168,0.7139132625349787,0.777336058088764
169,1.0066207687063051,0.2983857041971199
170,-0.4844843664418199,0.8831989060703412
171,0.10475128121164383,-0.4311070326916413
172,0.15577935115699454,0.41142156972032895
173,0.01942519019147127,0.9649672659016737
174,-0.8599466248072933,0.4900547941826941
175,-0.18785848213081224,0.5187068140680264
176,-0.27645713463145605,-0.46607446935752145
177,-0.49104923890682706,-0.8763873204272107
178,0.37803136519899494,-0.2556982628093005
179,0.3068410666543819,0.3723724081109564
180,-0.021699847037036396,-1.0666909156029054
181,0.9156473738768786,0.3973485363003718
182,0.8996084199127485,0.24961669933497646
183,-0.5183891057975986,-0.17015866392106974
184,-0.7025631077795278,0.6742030294379007
185,0.3524561148754489,-0.8782893913080083
186,-0.9769782617144829,0.30898213028583865
187,0.05380753114054346,0.4904823132869922
188,0.49686596764336355,-0.306105077832433
189,-0.056622723710623935,1.0714827108308314
190,1.040943090646056,0.04598037116686825
191,0.5425210338076185,-0.7885647610642619
192,-0.4718783146973331,0.025597548161904807
193,0.7041300384551946,-0.6286846021176012
194,-0.9951026992900842,-0.04963444777722975
195,-0.042893540872916726,0.4028956591572458
196,-0.9226874875470922,0.2697761060860015
197,0.4887958564745276,-0.23812360132506433
198,-0.494876835240752,-0.819031021252096
199,-0.39930730622271793,-0.32313075848275274
200,0.900837394085461,-0.3313806592935943
201,-0.2727272788010574,-0.9411248563415013
202,0.3682605064866227,-0.309331976665348
203,-0.42383628655362604,0.20663681012154278
204,0.6303344817835917,0.7428650812488443
205,-0.8313600383481241,-0.5903735344385478
206,-0.39387436590804126,-0.2657444951312231
207,0.3275566463445039,0.29475649806633003
208,-0.20396552091773162,0.4554019870889762
209,-0.2526203805188747,-0.8886505338048435
210,-0.15120559091144342,-0.5493810182152735
211,-0.3910465657074545,0.2368212453798026
212,-0.5805135955508506,-0.8532393734914308
213,0.485063250387114,-0.3642858841788389
214,0.3653651970570989,0.23319553900637863
215,0.5349465947690878,0.06273752553735797
216,-0.34144614921867694,-0.3441907665613745
217,0.2107618719540341,0.41064032582314886
218,-0.3838470887273578,0.8920801478876403
219,-0.687569146295534,0.6340763782433037
220,0.8102529759719577,0.6216132213166495
221,0.8645191542245789,-0.6008689646519829
222,0.9285056695004898,0.30483078914302
223,-0.7528293198154569,0.5005855207813853
224,0.45108562594051504,-0.2188462754388913
225,-0.3224083982739239,-0.2391534732496718
226,0.1350767987324225,-0.49134438190309193
227,-0.42851218459438273,-0.2953853598335889
228,-0.8511349512157304,-0.5788944145348455
229,0.17799378984547304,-0.9882049396171158
230,0.23929927099504267,-0.3129703974972626
231,-0.684128786132767,-0.6347531800540982
232,-0.012537564787800734,0.4630915052591732
233,-1.057426784073995,0.13658178432069967
234,0.42815715150894157,-0.8473094919318869
235,-0.4096232549795611,0.38798916223599234
236,0.977307070960698,-0.012294559784312972
237,-0.4601058721630439,-0.19143676627543388
238,1.002166169812456,0.3984802680605268
239,-1.0320766079559989,0.02631563685971177
240,-0.8277421300316673,-0.5547401285997523
241,-0.5226701841795827,0.8873546684918427
242,0.6528216785472158,-0.8130737140295763
243,1.0010592280056743,-0.134522984509856
244,0.4902075616851217,0.2865423076808697
245,-0.9551620953359002,-0.29037721986320186
246,0.18479432097801607,0.46780211646832703
247,0.2597322502783014,0.6443280099565847
248,-0.4785185571583054,0.14918014737211746
249,0.06437515629349845,-0.46417999009615635
250,-0.7219896771996156,0.6778086492908744
251,0.12785780678759634,0.4608495936494652
252,-0.32445478931488675,-0.9865096849655621
253,0.29153042543400953,0.34101792874440445
254,0.5255838700506124,-0.9092228870014513
255,0.17020023644206408,-0.9532817538209575
256,-0.9540481630881806,-0.21097298965742334
257,0.010555162969424006,0.5471446446493256
258,-0.3648903572778083,0.4005255692401438
259,-0.9126381741685015,0.2146709229241887
260,-0.4075658678533907,0.2566733076330631
261,0.9869873047908797,0.3505978361946925
262,-0.6713571856231326,-0.7487024755519874
263,-0.03312803257151777,-0.5460016520148402
264,0.4291555629547242,-0.12702290724769463
265,0.6626116415075273,0.7977183616183174
266,0.5355701845555492,0.06412579793325854
267,0.9259676119211357,0.3009149004534968
268,-0.30960416207451924,0.3747998606537094
269,-0.10332174605343761,-0.9935546774402857
270,-0.3037260667070802,-0.9552491762544674
271,-0.31362906587343997,0.9903516729289839
272,-0.059004462531347196,0.4844303114084718
273,-0.38136541796683243,-0.3866865584846598
274,-1.0012853037521983,0.2982287385731854
275,0.35143387367991563,-0.9212901034287176
276,0.16106429509306142,0.36412266590859194
277,-0.8156049475813676,-0.5349028875895591
278,-0.5511203986629177,0.8807726187433123
279,-0.7218218464830554,0.6493181141958817
280,-0.21009220564152148,1.0806464894242243
281,-0.2886498619960657,0.4449823024585764
282,-0.5046802464893095,-0.0692020827240338
283,-0.4448412131794595,-0.1606209292267549
284,-0.2534630796326474,-0.3390827435211989
285,0.8044390939381452,0.36040019415272784
286,0.15468502018052196,-0.45529957125461534
287,0.4795819242626475,0.14504436980697288
288,0.4695169978284506,0.12680120414255117
289,-0.3444347479076227,0.9792236330641079
290,0.5106056661796816,0.18142560528460067
291,-0.009774631127436137,0.9472720723893239
292,-0.24777842768496397,0.9154735845281058
293,-1.0081243603013987,0.03762163993246135
294,-0.34743351220197843,0.3928275359807124
295,0.39729157296003104,-0.40447354579055694
296,0.3414756983691256,-1.0131183233732255
297,0.5210629642503637,-0.10590588534766182
298,0.07688269432371533,0.4988990652000185
299,-0.9573883025989435,-0.32825161799101116
300,-0.43870865895648764,0.04241318479324477
301,-0.5546210679620189,0.11204228214202858
302,0.34891295680172896,-0.3594531095709572
303,0.7284024483866095,-0.7614616082897727
304,-0.16404560801588097,0.44829012986358463
305,0.291210736315524,-0.4116280724421467
306,-0.3465245456435194,-0.9667558047809883
307,0.9398825905615904,-0.26578878105648474
308,-0.05828588807863541,-0.4385150676697271
309,0.3553045997032119,0.9120779851080458
310,0.9395293842605738,-0.3199109919599263
311,0.43818758674128727,0.3250798893660281
312,0.2109671197120809,0.3969963306140327
313,0.08604105883658063,0.48510643663610375
314,0.8320566505319477,0.49750705250519056
315,0.292765380013963,-1.0203162443887241
316,-0.8316718367053161,-0.42063436685368755
317,0.6255469940166072,0.9442745181194654
318,0.5061056403682428,0.15218119529845475
319,0.0073382456839289345,-0.4731856323575229
320,0.12657906606787736,-0.4135255562410537
321,-0.511454213051701,-0.19992857045708165
322,-0.9089309022120087,0.24124863764742124
323,0.7060527854776977,-0.6948340474888148
324,-0.9202944944106485,0.5020815825556976
325,0.5297884368801048,0.013244277876537463
326,0.33410966821534416,-0.9782869153772463
327,0.3235557615957971,-0.382307018472861
328,0.42049768834743473,0.30609220591102176
329,-0.7380160841779018,0.6879458009440307
330,-0.49679380799271294,-0.04318430953100054
331,-0.3874766125183091,-0.1428389060789645
332,1.0266083950323892,-0.22332092024609146
333,0.8388701479205742,-0.3743670885303458
334,0.4033202322956552,0.35377299014220714
335,0.4742732213006362,0.2059446240213832
336,0.5014853016446088,-0.33014235936538155
337,-1.0366932746433417,0.2730794318660008
338,0.44049533130074114,0.2264846619541796
339,0.4272978677751448,0.1144674754318579
340,0.23684243454552906,0.33184479416478607
341,0.42659267340470763,-0.15376137936016815
342,-0.5362684934405676,0.20772390177835956
343,-0.31110378528938454,0.9774442412442371
344,1.0275250484515492,0.0665144126989898
345,0.3619366538943011,-0.8849649988234152
346,0.9356153356460428,0.06076422015133211
347,0.376767528526789,0.2094759781807361
348,0.5721661946487018,0.7921440013283363
349,-0.6737234824582576,0.7221990282041489
350,-0.09569652045153931,-0.56647210283106
351,0.3821798833934484,-0.18140530948007177
352,-0.9273626080085582,0.08719696482456943
353,0.4153041111454072,0.8289525732903555
354,-0.2821857809567563,0.9847239356186933
355,0.365703760961521,-1.0325801105552421
356,-0.20654751832675367,-0.9943945116251985
357,-0.22893589312237686,0.37081053677430786
358,0.9348402051814602,0.3264009870758451
359,-0.7794856495920018,0.6814223717102996
360,-0.49882595459152484,-0.8081132680054604
361,-0.3606259339308879,-0.2541919636145996
362,-0.7811837703259735,-0.651947083644474
363,-0.8958755398036011,-0.4836119525717917
364,0.20808457988649534,0.49172351869458086
365,0.8452375958286009,-0.36787775142677404
366,0.9742659098903961,-0.4523195373050447
367,0.24488316676502364,0.9339793386533577
368,0.5068092570607207,-0.09614858410151542
369,1.1080980284560729,0.09622149698530726
370,1.0704330570093816,-0.09674083081245054
371,-0.6645255739833984,0.7537199419248409
372,0.8762877155462707,0.2174062390427226
373,-0.13449360514012834,-0.4393242891548444
374,-0.5104784227111443,-0.14445481754950396
375,0.21443379202567764,-0.4530920060671568
376,-0.1095016087263983,0.5300194031855503
377,0.8421181825846731,0.43837755804865464
378,-0.36118446931963166,-0.3778743439923401
379,0.3341950666784067,-0.1002815887935756
380,0.4788523394407919,0.113059099974495
381,-0.01642702774650806,-0.4810537937148007
382,0.14597458043022563,0.37540308911686193
383,-1.023940057427868,-0.06802704216721257
384,-0.43264428189919824,0.11756838343678686
385,-0.555964969364608,0.04967981976967385
386,0.2705978652959595,0.25867608133464226
387,-0.4957678572923567,0.31351901724328785
388,-0.009903967204297537,-1.0094266216504237
389,-0.6758363253222768,0.8144633148767851
390,0.739601024969027,0.6643975057711365
391,-0.4024512975540193,0.1745348829532763
392,0.9169442581475187,-0.47807993024982715
393,-0.43776274227331924,0.1909723113049779
394,0.48586288916294545,-0.8562777773300836
395,-0.15770592244082385,-0.4300356944059092
396,-0.4208458981825551,0.17220021420746928
397,-0.31958507970683436,0.24518062859802447
398,0.9131435722320934,-0.5911244708029421
399,-0.4348205755047954,0.42745154508596267
400,0.4032177592786699,-0.9010700366052543
401,-0.4528428466283945,-0.8440125727536613
402,-0.9394496437110689,0.2817456145280269
403,0.4964636410066006,-0.21875829479394687
404,0.47409769023328174,-0.120690670186643
405,0.49614755914750563,-0.9451397601195866
406,0.41110832590864754,-0.32544755268999503
407,-0.43051889745366356,0.0790978900196308
408,0.894453791397851,0.22549624260544768
409,0.5849925630058659,-0.8456806059283279
410,-0.15175279945096518,-1.0341173008534061
411,0.9420728714719635,-0.38177108956769396
412,-1.05319646999953,-0.014090250178463623
413,-0.022862403621784932,-0.48051166442696636
414,0.2559130165786572,-0.9691851447846473
415,0.8204962364996187,0.5560605015177434
416,0.6054242261157472,0.7342474650317175
417,-0.3904594379705802,-1.0077669919896681
418,-0.4586318842904468,-0.2575974755775342
419,-0.04622093402769939,-0.5012155857895927
420,-0.5607891409408727,-0.05578025945634589
421,0.6501240329805184,-0.8421056892281019
422,-0.2178993456862234,-0.9390349793976012
423,-0.09642685843337992,-0.43852092970976375
424,0.03994604453398893,1.0284050864718826
425,0.47879090539741453,0.2302899381858998
426,-0.9047707686963378,0.03208423936964068
427,-0.4975814452857008,-0.8133794523764031
428,1.0556937902923824,0.15912432422283979
429,0.0630843363131724,-1.042198720518244
430,1.0084590555853001,0.1614340299255111
431,0.936495437791227,-0.27502686565168555
432,0.47049894317069657,-0.12509229608616756
433,-0.4922729037388998,0.9429524863924175
434,-0.12432969881769529,0.9708091922255834
435,0.12112714675322714,0.5500494750737177
436,-0.4067966214961622,-0.2304623079368207
437,-0.08011726734575896,-0.9604602425239285
438,-0.4363321815604633,0.2547833412685777
439,0.45661007051116387,0.8499544627177121
440,0.7533045465039159,-0.6050881773455847
441,-0.37932699097847455,0.03401733460877468
442,-0.532698106213183,-0.7203837551711454
443,-0.9690952530832045,-0.02276583945128901
444,0.3159363557335323,-0.39931077573079954
445,1.0088840336283538,-0.07296347498868822
446,0.5257272201762236,0.9113601531794038
447,-0.6655415497632502,-0.8031018207482533
448,0.276650327352793,0.3200309930967471
449,-0.9809320339786852,0.1390599925318822
450,0.210218767410905,1.0112362749538228
451,0.237489164944867,0.9024501193588279
452,0.98777745112662,0.3893317806064256
453,-0.009776379554658252,0.4948828160865035
454,-0.5814517233754153,0.838987313064405
455,-0.5250453691569683,-0.0528795529127903
456,-0.8565251977273638,0.43846957452610597
457,-0.9882153777211901,-0.03633638894031821
458,-0.25065838090031617,0.4657913194054274
459,0.18695923679467788,-0.49798266223132476
460,0.47961423363194666,-0.15479713087939184
461,0.9502485763223132,0.1104498127361318
462,0.452006211750605,-0.767761951904213
463,0.8866335102359426,-0.3376678853753101
464,0.41488195230357494,-0.2090588105228548
465,-0.3354710932505776,0.4167950705662892
466,0.0039029051242599087,-0.4663915991979025
467,0.4076814507246457,-0.29844107376067475
468,-0.16035753656955717,-0.46394411942415087
469,-0.43612257891622414,0.14478349764938553
470,-0.9300525991781394,-0.1289008188449287
471,0.9639407107819103,0.29666266990705137
472,-0.6263740270225194,0.08435804444985744
473,0.12571627861767606,0.46422374544776845
474,0.39053824019405436,0.22505305194646863
475,0.44568316390194723,0.742953288036622
476,0.47415545228956524,0.04584115828890366
477,0.1866869420834668,-0.5084926341045174
478,0.34256892005976836,0.24217758184255087
479,0.9037932931903294,0.350103480074609
480,-0.2751604579271028,-0.4072302889509759
481,-0.23967155178293836,-0.9729694163198583
482,-0.10701857935439862,1.069743018578229
483,-0.09396369460222243,-0.9944039610753227
484,-0.24316039121555577,-0.43453037900317315
485,-0.4252262127732742,0.18676757384507753
486,-0.0601365105264903,-0.4995629614023232
487,0.5182015644648466,-0.31984508622092134
488,-0.719371730581524,0.681001204984593
489,-0.3021301892047505,0.9196550077007632
490,-0.4956426312859642,-0.8404419889360262
491,0.23487953044343068,0.40308463402976275
492,-0.21112144358537727,0.9865664087673118
493,-0.6771478729301664,0.6891566424503898
494,0.9982284206610909,-0.06206986970159417
495,0.5378059841146824,0.0005465053430870892
496,-0.4045474494945267,0.30458059055924736
497,0.5179606826603511,0.9207720402220019
498,-0.009240500719783426,-1.0421236211203868
499,-0.23155825406805786,-0.5543431672311366
500,0.5271747383009521,-0.8239230342044076
501,-0.9881241810665434,-0.1748342226380207
502,-0.3431799314095397,-0.381864889636617
503,0.36618660413712517,0.41605202683532944
504,0.2565361985268581,1.0350216754223933
505,-0.1596066578351036,-0.47414203219926354
506,-0.9362269224828061,0.3683927600625685
507,-0.49845675910084236,0.0828771485311749
508,-0.8621479409912257,0.3806505867139606
509,-0.9725562572898466,0.27237772936191745
510,-0.44734561798409395,0.2872077101215393
511,-0.4247036827785963,-0.32986661276782175
512,-0.8668386869418898,0.37518750029746867
513,-0.4408037116263829,-0.3069165678267112
514,0.9457372037709632,0.3213580976914768
515,-0.31461761664105337,-0.3395352124001948
516,0.3816199146364688,0.3608243995117847
517,-0.5004168530739952,0.20472680871323617
518,-0.039531751569688224,0.539105962102043
519,0.5275681230199987,-0.006035942869771372
520,-0.8798204109923633,-0.3777614350615924
521,-0.07185085690708021,1.0096123693196148
522,0.14841347538834254,-0.9421865590821792
523,0.5103811906775272,-0.1555071969973077
524,0.1362508443152834,-1.0452784121178742
525,-0.08833070183756511,1.0144595614145875
526,-0.9560736725622007,0.18839663342256438
527,0.07676288411010568,-0.9053349979413252
528,-0.35708771833601394,-0.9741171711794889
529,-0.10348085841905766,-0.4428048577853043
530,-0.29993968610404587,0.4209969455271257
531,-0.47128237145684393,0.01330273022500153
532,0.41385967429732,-0.18474708055554878
533,-0.35717418954020486,-0.30814307291240367
534,0.8674191213309773,-0.4779691049973258
535,0.15380379672496144,-0.49212114313302757
536,-0.06586980879262351,-0.5424675163308808
537,-0.7193388950363191,-0.6773757120786466
538,-0.4612752580826696,-0.8825823041057133
539,-0.24607761475050058,-0.3956505309611487
540,-0.8130907009122529,-0.5954514657783812
541,-0.484147518937107,-0.09606327905902232
542,-0.3485273919976908,0.808334119285114
543,0.21489048971350655,-0.8861192100140164
544,0.9087006144194516,-0.4167585194091374
545,-0.9295987376768071,-0.22118163583274453
546,0.27552053364733115,0.9680527095767848
547,-0.33435901215876795,0.3703849164299298
548,0.48049077729463463,-0.8180768520020105
549,-0.4741616667074588,-0.23814683659579394
550,0.2589398463062963,-0.4315261224661541
551,0.3554819158881162,-0.35283477655475326
552,0.6965280888497889,0.7209141055253981
553,-0.06613160617758118,0.4433953934794218
554,0.3874968387471864,0.3525695680462499
555,-0.6953648149431356,-0.7285651538329356
556,-1.0544972744314782,-0.18815990231506774
557,-0.25273722130880005,0.4605345185633428
558,0.8205447595080148,-0.6164469164019257
559,0.5152719587699426,0.7921042131212535
560,-0.19290777204202633,0.5103007787225651
561,0.46270122619493237,-0.15063595382137404
562,-0.022975261677671402,-0.9883921023614932
563,0.43851480110668256,-0.368017803136588
564,0.2546605120709836,0.45634619947813665
565,0.35672398542899314,1.0673336308885915
566,0.11331775884914036,-0.9542368570770954
567,0.36479065081218864,0.428500858120127
568,0.9309535162175011,-0.08524934741043888
569,0.3406409586636796,-0.3639909501780199
570,0.27293816691141304,0.48231498471188466
571,-0.67165873418176,-0.7601008803674932
572,-0.9125229704921023,-0.37881198669455257
573,-0.18910815772390366,0.45089822267291835
574,1.000164056276691,-0.10654255181541974
575,0.2340015297712186,0.985240145133647
576,0.5666058617656063,0.0720334601209405
577,-0.9785046177546055,0.17894269620447303
578,-0.22458504267505813,0.5070125799166467
579,0.9028089765414267,0.2161243273883611
580,-0.42748474123722735,0.3088109994123371
581,-0.1088685723158057,-0.43466862629845004
582,-0.2664484823274145,-0.9941280614863315
583,-0.9834621970419586,-0.05925206960593028
584,0.3556309434209719,-0.4150394643525497
585,-0.1894827353851787,0.5035322906078925
586,0.09355567660597233,0.44231495076385136
587,-0.495211128097989,-0.1350896775636763
588,0.1181048253141299,0.9847877001243678
589,0.09562927310543615,-0.5209121134472099
590,-0.179006421539605,-0.5212085370082363
591,-0.8913008929118535,-0.42946273621213543
592,0.9614218120768349,-0.037504422804228305
593,0.9815544268148536,0.2738568437590118
594,0.3270024640940322,0.3633829766966018
595,1.0021625682465842,0.13809935572909846
596,0.14451441560473677,-0.5124360166256218
597,0.7866863467608634,-0.7109199669499859
598,-0.033698729420536304,-0.9969039809688792
599,0.9785249413307197,-0.20555378007015962
600,-0.5311348909385445,-0.23576843473147688
601,0.40604541278378625,0.3203421138372194
602,-0.2501115983393294,0.31482668662238883
603,0.3923381587871619,0.8928442688027363
604,-0.6850080094861732,-0.7809621060962362
605,1.038264461680278,-0.2249205369409321
606,0.5846244287536301,0.7708628925886151
607,0.462827263074156,0.11981731020715615
608,0.3213377413960712,0.21931528804168
609,-0.4553699162067807,-0.2791482028046301
610,0.13293531131673997,0.9832831371412221
611,0.0528947877066766,0.5122401274414874
612,-0.42082356048542136,0.027215033176943293
613,0.5976191085147733,-0.7827118184284513
614,0.7961518945121043,0.619557870132723
615,0.39744826423751123,0.32275535509384273
616,-0.48287335451903257,0.1784031955134049
617,-0.5139279785265058,-0.1958041268956019
618,0.4204599900927093,-0.8888288690478156
619,0.05283803106109194,-0.4458891860021725
620,-0.8243971910487259,-0.4621073065459684
621,0.1780166054978588,-0.3975204296541813
622,-0.9961853636881187,0.14853507901437196
623,-0.21967455772094494,-0.9784476878495111
624,0.8888544236696698,-0.5312956036167006
625,-0.9384062720766725,0.42341493921208895
626,-0.7844056517175464,0.6886908309830608
627,-0.6192792460135773,-0.6538705494433884
628,-0.1050873636201421,-1.0227689476018273
629,0.08386621409944353,-0.5441261026568167
630,-0.7696847962082597,-0.7285582226894618
631,-0.28501708865176034,0.40176507402925943
632,-0.8941715409423693,0.4113335925902553
633,-0.34789012864274665,0.2854317354104019
634,0.40361806089892804,0.32613944765431446
635,-0.5126932173158816,-0.11609363606313126
636,0.34758649125625324,0.9524611237961744
637,-0.45994251972306976,-0.2687485447758557
638,-0.11024601072098289,-0.5320691475598942
639,0.3725703171923911,0.10251761706158924
640,-0.9771007982894794,0.3432585684824627
641,0.14106018382386903,0.4458651260283463
642,0.5087396493001677,0.13385239758130837
643,-0.645499348754472,-0.7392771396549671
644,-0.5908511047087677,-0.9770255671319983
645,-0.007245357902711445,0.49560081699674086
646,-0.20070820397134034,0.45027454138535633
647,0.1813793237326725,0.45338445911305836
648,1.0197934098930035,-0.25598498867975045
649,0.4658631947232228,0.8208903803659382
650,-0.9768696083149095,-0.3761325371613575
651,0.20847326209683872,-0.9670541476000166
652,-0.21978923349390575,0.5255722337683059
653,0.6977551384671433,-0.7027469080540044
654,-0.041489891443414376,-0.529932434428186
655,-0.9304089431148495,0.3538823512332799
656,1.0109880649483325,0.3401837734090165
657,-0.019760426110053093,0.9991440837660654
658,-0.8369506150834446,0.45434256510877447
659,-0.15593302954458446,0.8604411437258135
660,0.13207390426317017,-0.5177878995596162
661,-0.5002819743152631,0.14975204101710965
662,-0.07880215666570514,0.502015551910105
663,0.43315799588902004,0.32777106578450704
664,-0.26088636335316107,0.5249321166622257
665,-0.8919001101232679,0.4933035184011046
666,0.12953718336337836,-0.49450048470447994
667,0.32898095705702946,0.9329690624186335
668,0.8944362504510874,0.42145673518618154
669,-0.4655572216689455,0.37672556246416605
670,-0.2042678474339687,0.4634751911136118
671,0.47611999948837036,0.19337120836702987
672,0.30415217828115954,-0.14844554545889077
673,0.871478937204584,0.5168185930845456
674,0.5878507415603043,-0.8864984979116051
675,-0.4396036343605356,0.2940641283418758
676,-0.09296262705774656,0.5483149498534666
677,0.47773731472195624,0.3617951682554723
678,-0.018051370629863443,0.5002486683105895
679,0.19830527157700037,-0.9117380590701063
680,0.12370270720886581,0.9807545430478172
681,0.4516625345581514,0.15273608476074382
682,-0.2696688965894785,0.4516333236728057
683,-1.0236341117510142,-0.18293188660706822
684,0.463953977266543,0.27563342903697546
685,0.5623687739504033,-0.8342111199410616
686,-0.2928857789061732,-0.40408446038801654
687,-0.9917451640173818,0.22984082583281534
688,-0.3763512585254912,-0.8120413504062861
689,0.04219839299189989,-0.4828503338161496
690,-0.3474175342565763,0.9262012768839865
691,0.6972208357344764,0.759255179412021
692,-0.9574295673197653,0.22617294679308086
693,-0.36677190195140286,0.3522174549109146
694,-0.37062888829533724,-0.3048149553747482
695,-0.14775402163098442,0.9297945817007962
696,-0.5814605832971677,0.14499265048009252
697,-0.8536060090576976,0.3602378164903317
698,-0.9710769899798845,-0.1340367494211725
699,0.014857334643288735,-0.5230644028698093
700,-0.3902280962412385,-0.44721160846194147
701,0.9615166341154228,0.5616207462735965
702,0.3310249654546497,-0.2584791901898513
703,-0.3348843768105438,0.4089772356256293
704,-0.2825912170391398,-0.8734582006443914
705,0.4583125172975928,0.0844036577714224
706,0.4766834374560982,-0.8699710822398141
707,-0.48567490555900966,-0.11438136214762798
708,-0.05844019793003798,-0.5104101764758393
709,0.36301290879248094,-0.22174245822433342
710,0.604860742258107,0.7675694075823349
711,0.027351412510501286,-0.9319801627661018
712,0.9246362714365524,0.3600430380585895
713,-0.6624596179533631,0.7366213163475188
714,-1.0584888703905915,0.00403375432856154
715,-0.4622062101380408,0.18680721136011672
716,0.23019414213386827,0.39032696227356267
717,0.7892278448125951,-0.5903698204315114
718,-0.5367163194718264,-0.8378822259682349
719,-0.4621096172368684,-0.06154231198291962
720,-0.970856343546165,0.3239874789199892
721,-0.4479973289527535,-0.29955133563350933
722,0.8478344268044781,0.4841514050110702
723,-0.36548945747408335,-0.3150222939203024
724,0.10172988318669467,0.9714760139285088
725,0.18624595729112334,-0.48323446105636164
726,0.1425897858043702,0.5136251239951266
727,0.12891184618836415,-0.3969891284242843
728,-0.9045179189422089,0.3982638905506422
729,-0.4902082659441765,0.23129789776911275
730,-0.48242272913604206,-0.10950840147361038
731,-0.9615064086653603,0.04276288277301388
732,-0.033331663423096465,-0.40746179989087417
733,0.11837906843341939,-0.45970416374225875
734,-0.6056996843150948,-0.7423269025220111
735,0.674409824508202,-0.7067089827197354
736,0.9650443494542106,0.5060829854932682
737,0.39918581502388684,-0.22346019587987917
738,-0.1225253716979748,-0.5125897663174054
739,-0.5740679724348824,0.01867904138417973
740,0.764302457663209,-0.5985755047133706
741,-0.2768792162489203,-0.38617835625411107
742,-0.9662209310134734,0.33791012229701495
743,0.22577397083632644,-0.5055071717160432
744,-0.7836280299961835,0.7094155720149359
745,0.4405273482974787,0.2112179417680366
746,0.2268213069549884,-0.35863227731727804
747,-0.1938267714158235,-0.9151107579000087
748,-0.9151800279137727,-0.33422407525146336
749,0.19375398205431157,-0.4625678649351454
750,-0.09923611716049048,-0.5714592504965368
751,0.39965624083671447,-0.38351240825396304
752,-0.8260000986662047,-0.5617714066445225
753,-0.8548617036297762,-0.43375198568980255
754,0.8158096924568518,0.6289234996822458
755,-0.28255855292025306,-0.9792545917877732
756,0.30957385759825284,0.2632960323495085
757,0.09084312820587395,0.4837285297602239
758,0.059235627620481984,0.5028744803860579
759,-0.9057828366954174,0.04784134203559742
760,-0.008967516068709006,-0.9254858064838006
761,0.3966598402068368,-0.19985720652543035
762,-0.43293621655419406,-0.2243464980175064
763,0.3176491437046665,0.9281011199183636
764,-0.3600263039120263,0.9617131133541078
765,0.5647041234059245,0.07262395049091105
766,-0.8742556369900238,-0.4779941971642666
767,-0.32215152447555806,0.34530216332478936
768,-0.055090611518848635,0.5120991081605559
769,0.5122429838210923,0.10933486890587915
770,-0.45660691042212354,0.12554430655573767
771,0.5685449411745266,-0.11263332238716797
772,0.19080678135575746,0.3944657263438352
773,-0.06706594242673944,-1.0663213693236528
774,-0.9435965792713557,0.13415662580681686
775,0.7781127287456729,0.719735140661949
776,0.6921856451300427,-0.582354999739459
777,0.862285070767873,-0.5067548169975152
778,-0.37057057578163066,0.332447710240186
779,-0.2201021857989212,-0.530984488788704
780,-0.3778691163491818,0.8973704755481399
781,-0.4819913337167347,0.8967672545893923
782,0.40144705195819275,0.10119666257322925
783,1.0115841952126874,-0.37501341057016463
784,-0.18856432371520343,-0.4004876310470943
785,-0.08956988140423161,0.4714306569760831
786,-0.6133535779302248,-0.8115219360418465
787,-0.4996076090063563,0.9047953383016961
788,0.09407503383836543,-0.5045847676115123
789,0.9761406216993704,0.03390068851658323
790,0.24422856199574183,0.96313394879726
791,0.1163861861526799,0.942765636151092
792,0.8929345329448442,-0.283465578100177
793,-0.36046163829254907,0.15394090108989494
794,-0.48796881043875295,0.11254627281477417
795,0.3069923784998065,-0.42486125254707396
796,-0.8380685724124097,-0.5114335377816737
797,0.24652650750712418,0.40413666552741156
798,0.3109237709026902,-0.4553468885754531
799,0.7442431645236238,0.7727781805639347
800,0.5195220755536085,0.6758193537781618
801,-0.40834866655925,-0.39656229492697564
802,0.2421595868881855,0.4405422939712041
803,-1.026360914970616,-0.2093059080736363
804,-0.4621414570729244,0.22095237885201105
805,0.7378210980776847,0.7859136028399221
806,-0.42882125674250504,0.07828005664431639
807,-0.34032197081257565,0.9612063701531193
808,-0.3733050748926389,-0.8790357099053052
809,0.5574292506093808,-0.12808250070431573
810,0.15400661837089363,0.40815242473391655
811,-0.28696871579095296,1.0328610436022843
812,0.6093701702039869,0.8598521841763909
813,-0.8030804630418066,-0.6128789615469342
814,-0.26791379998618176,-0.32257194928330923
815,0.011766570486701156,-0.4726156556057254
816,0.501951695584898,-0.021461582983643625
817,0.11569504002137015,-0.9969018317670112
818,0.1626839391118178,-0.5176425565755478
819,1.0074486178719944,0.4037559034844146
820,-0.31657122929483583,0.419784746084692
821,-0.9287284274045999,0.49536005307262176
822,0.11569725577235097,-0.9570466172131197
823,0.9655004546777802,-0.22523189989532683
824,-0.9073375532235322,-0.17931916473298254
825,-0.5433790279366669,-0.9282521326180083
826,0.9135919593059808,-0.3903950307556396
827,0.8260195182300217,0.6295941351839552
828,-0.016283434587022416,-1.0285919890933428
829,-0.15962469629669165,0.49880951515599803
830,-0.2659699888576189,-0.4108064195358028
831,-0.8813939404084213,0.5004143858044929
832,0.5988994922623965,0.938654107652527
833,0.4398633922274038,-0.2935177035063911
834,0.9500349428459036,-0.29828620102055986
835,-0.4804585982713995,0.9134016068547157
836,0.41906575478846303,-0.1745722596680962
837,-0.465826525748948,0.9352470547286996
838,0.06518131169624955,-0.5576200326301469
839,0.28481201748870677,1.0398779152874031
840,0.9420660959223278,0.534615731094054
841,0.949830959500902,-0.10623440844658542
842,0.7517545739870596,0.5686274520295329
843,1.0538086163700324,0.03417530895830513
844,-0.10360083803994004,-0.4425876804607164
845,0.23874307524249216,-0.4209133452771503
846,0.10802340070772,-1.0550426366363792
847,0.31026320753403025,-0.8296496334395057
848,-0.6713110768908706,-0.6780941894551903
849,0.4281315629571956,0.12499916029213082
850,0.12756446658784257,-0.45052177936504106
851,-0.9433685254203475,0.02499510578343735
852,-0.22290554208166885,0.4052171966148355
853,1.056196477420926,0.012117630468064303
854,0.5495643490421864,-0.8767893526870244
855,0.0947826396606413,-0.5164156229280494
856,-0.919620185680942,0.5319078353205156
857,-0.37870106729672787,0.32575838392451395
858,-0.6438100353768238,-0.7518426092931306
859,-0.5523010676954394,-0.035523333298306106
860,-0.7851321503071228,0.6491840783141282
861,0.45803691100839633,-0.053982217608483915
862,0.5537947295459363,-0.7330466060614433
863,-0.43605355316606187,0.28159841651070927
864,-0.9502803940331609,-0.3707938651032657
865,0.6469992521570157,-0.7534924590414939
866,0.4350158190403339,-0.2527752026331449
867,0.3628926568964522,0.33785162672531044
868,0.609939184773258,-0.7962356044018486
869,-0.6688406806613627,0.7194452968754492
870,-0.4450756043954611,-0.1482388616031834
871,-0.016202537915608814,0.973042643413888
872,-0.009557237256909393,-0.4315409453326818
873,0.810128581672305,0.5881297051304006
874,1.0256356117969037,-0.41308143073026315
875,-0.2522067229214406,1.0093402470712978
876,0.2649456797919311,0.2991707510551989
877,0.34141305764523183,-0.9705269836426172
878,1.0149552110315327,-0.05060209248800398
879,0.8701179039593469,-0.06238342256862784
880,0.09722553901122097,0.4009618361792888
881,0.8754827986645115,-0.32650856112807336
882,0.35818674733156003,0.8503289384304293
883,0.39005237082367705,0.344339441921344
884,0.5396917802279767,0.03189062431245119
885,0.6736864471096938,0.8208891537894546
886,-0.525927070905695,-0.010847036217218588
887,-0.3246930173555262,-0.3489130884442436
888,0.17604200109447316,0.4448618077346655
889,-0.4788284435674179,0.28134234057285235
890,0.09727596447921386,-0.4602780606783749
891,-0.2341639319854973,1.020413634926225
892,0.21348327835042527,-0.4910008845401461
893,0.48219956506013933,0.9406202598159114
894,0.6163920603944801,0.7104842028565566
895,0.4703012400122703,-0.2045323120650565
896,-0.599296414266505,-0.8296224448011419
897,-0.4990456239138811,-0.2158660214353051
898,0.36692342587296334,0.9988461170387372
899,-0.17078747905130004,-0.4957141048124908
900,-0.42930773624620044,0.9624928002091431
901,-0.11040446503177144,0.5068394391549151
902,0.2704189779238547,-0.349268672743075
903,-0.5178301481233978,0.8116161135823418
904,-0.4318165435466407,-0.26667532969288615
905,0.739393651086385,0.6353125095964236
906,0.9940861607892336,-0.056807183973380714
907,0.04588125115987608,0.5461799966256766
908,0.32075885061705944,0.30407728005589796
909,-0.014205777479260766,-0.44444951831495866
910,0.4447077060923545,-0.9185476717374285
911,-0.28621067338400175,0.5193367271712832
912,0.5090950279765077,-0.01352884015996296
913,-1.018007491118017,0.16600257547928665
914,0.25974102654425496,-0.34161142835550773
915,0.533430614947929,0.9596530059107194
916,0.33964898559327084,-0.22871958586012237
917,0.35118618416274716,0.8741927180626211
918,-0.35105304629828116,-0.22754324058050093
919,-0.8782063427738575,0.31667212363410363
920,-0.9308385556100475,0.21076663433217388
921,-0.10148276836637617,-0.9798400612566267
922,-0.5211251744982314,-0.12745421153943304
923,-0.40246760083903654,-0.29204965370999114
924,-0.3671857097939452,0.3188769555497341
925,-0.3877056016628839,0.2517985245222402
926,0.990703946982711,0.3104978181424178
927,-0.7951813282199786,0.6617912051906708
928,0.16363952090193126,0.9852335936514229
929,-1.0259999805345508,-0.4447845089361229
930,0.6961384064037772,0.48125390947681074
931,0.1495333423982915,-0.9050648138282099
932,-0.04287077525029867,-0.9555279332518487
933,-0.3845165262066995,0.337610402150057
934,-0.04795743164277862,-0.4917279309805279
935,-0.274119070066731,-0.38468915677472415
936,0.7875517419345339,-0.7468451132478678
937,-1.0221488443772235,-0.06880330770998244
938,0.2509363928870303,0.383190937708092
939,-0.27578875879173925,-0.26921435995609916
940,-0.21920725364218585,-0.3955758197079183
941,-0.819500975569426,0.6356186730728536
942,-0.3554072840127161,-0.41647093409441654
943,-0.7183672092786043,-0.643701525148987
944,-0.42526965803164857,-0.8825238171258352
945,0.814457927135588,-0.45818413695907256
946,0.0855334772548886,-0.9167943088586216
947,1.019365827624053,0.12195790648388022
948,-0.1617117912002469,0.4125355072294989
949,-0.4466841176906059,-0.10702896131942091
950,-0.7641382314523996,-0.5573032717699318
951,-0.35741595837056406,0.38210683591225086
952,-0.6781151515339869,-0.812439820077208
953,-0.1152516027376195,0.4917811702050532
954,-0.23446964742500193,-0.43345906599089445
955,-1.0197975879027028,0.1249993666364345
956,-0.9642488287195307,-0.18941230298153938
957,-0.44058382083399955,0.07461926620777769
958,0.019333880209186333,0.9796507268263751
959,0.1917502589303625,-1.0873985069011636
960,-0.10778162001056685,0.5235413119722263
961,0.4221250999057255,0.933906448812098
962,0.5188604424829298,-0.04120908210611165
963,-0.10719411433865074,-0.4889499215651157
964,-0.08300103980919815,0.5182858149062771
965,-0.41306922553260617,-0.33761557902739003
966,-0.20404926904822784,0.9979415584112047
967,0.4738975234633616,0.04608715415662448
968,-0.23902235120852233,-0.4671802659935576
969,0.1753004564769642,0.4921000693061146
970,0.398238492515723,0.2568054285389004
971,0.5115102678893029,0.18175381493002335
972,-0.3305319066811298,0.326932050263761
973,-0.36118348872281975,-0.9700518789196718
974,-0.8903898943033199,-0.463086712286578
975,0.5089743102504685,-0.8960566786210218
976,-1.116100406565101,-0.0817203778558013
977,0.9402676170276734,-0.2740128814531725
978,0.08883422485362047,0.9570815637048683
979,0.9467239058373335,0.069275933195474
980,0.41559092582114715,-0.9123092048829247
981,-0.46853174651906687,0.051450713985123395
982,-0.30534701694873884,-0.36468187930297247
983,0.14047133879913049,-0.4514056458523961
984,-0.00014703045258301906,-0.5377527109266984
985,0.4520897480469356,0.012708585804815618
986,-0.40428972962498727,0.08316282615837176
987,0.32118949441701045,-0.491120456953503
988,-0.4626676388157561,0.07363635795244927
989,0.13240839165205817,0.9451552968006407
990,0.5493732942577547,0.8689160506025452
991,-0.5595002941182452,0.8478208459131078
992,-0.7276045258963221,0.7641869859938627
993,0.03645335265670328,-0.5885548604585363
994,0.784601373885854,0.48552642121451073
995,-0.5941072919153443,-0.7338259312893257
996,0.24119869149658746,0.5185407736230085
997,0.4694105132800709,0.3030687220832912
998,0.6926539187455821,0.7068014777854045
999,-0.6616503117070183,-0.7699469926383686
1000,0.4384510520273347,-0.396902812809442
1001,0.3875297213463954,-1.0434877075220637
1002,-0.27561696971301025,-0.9473758693365392
1003,0.245973540073362,0.7790545197062163
1004,-0.3110265645930228,-0.31039360307445674
1005,0.34930059467796165,-0.8346967678395935
1006,0.9375218702346263,-0.16690898052419817
1007,0.47140727705649293,-0.08612109256586885
1008,-0.41083178106719437,-0.846020819123682
1009,0.23312602455455914,-0.35734289934772157
1010,-0.015223910163322836,0.49694752487551846
1011,-0.9826089907924,0.2437490279061268
1012,0.9655534328092628,0.09285196162153504
1013,-0.490398590364752,0.0314445742028448
1014,0.5418682742958838,-0.1657787158132959
1015,-0.20699716238565258,-0.45989742039070713
1016,-0.5303894309306206,-0.017574027045069773
1017,-0.03965381183835558,0.5278296097319612
1018,0.1367998980617799,-0.5270396807834826
1019,0.48832175212921397,0.169802595295564
1020,0.9446853998110208,0.408715785487535
1021,-0.16663275302791533,0.46619884753152996
1022,0.6414536740518822,-0.8412342369111243
1023,1.013626558995271,0.15670513973103256
1024,0.46163633235534723,-0.2016901354811232
1025,-0.5089355215511042,-0.1070052744350332
1026,-0.35728356943278144,-0.3349557591999934
1027,0.8817097108270022,-0.1769297360382077
1028,0.4289967337823949,0.2640351169698263
1029,-0.8795483228262914,-0.4831618034543414
1030,0.4327555628275218,0.9054963192233771
1031,-0.9050038994581278,-0.4871163151216602
1032,0.9308856446273562,0.13689603646679124
1033,-0.7876646666750123,0.540979514282073
1034,-0.3322160664037254,-0.4067668084415416
1035,0.30910542064918023,-0.4247351206833708
1036,0.12711136515746074,-0.4735433801858236
1037,0.3309388726712809,-0.8690807150260965
1038,-0.45547071837185843,-0.17059606759744456
1039,0.8193149158505275,0.5705622942192907
1040,0.1203808915161262,0.9422155335335969
1041,0.5872177658822888,-0.8262188687967418
1042,-0.4832152010846782,0.061697799589918
1043,-0.3678886727030555,1.0158450496477622
1044,0.4314341735030157,0.22364637858652153
1045,0.5241927526364569,-0.18539816617200988
1046,-1.0322118023128415,0.15501206934857942
1047,-0.4201108038335877,-0.25134821109987526
1048,0.23255501742248208,-0.40122130350756335
1049,0.39577362798067284,0.2585090915163972
1050,-0.7991321581034955,0.5641626596351864
1051,0.3388222046801015,-0.389621183129492
1052,0.551540612352279,-0.06396010786048612
1053,-0.46213121964857123,-0.31940048753146233
1054,0.9404597646165914,-0.295821388715952
1055,0.4467364235554548,0.11990303578743522
1056,0.6840231487762707,-0.758920348448837
1057,0.166604025158793,0.4427175909287412
1058,-0.3963027546068604,0.3031601038324077
1059,1.053189405577397,-0.06839293689089081
1060,-0.6389487756782013,-0.6343557131385055
1061,0.2907708655314233,-0.9979159677916939
1062,-0.8219742723923897,0.5461183807285477
1063,0.37096910953827356,0.38589846589453497
1064,-0.910122805226537,-0.18325680199348393
1065,0.272771366387376,-0.48475355655615343
1066,-0.9525337752717067,0.10167248591724132
1067,0.3638882799722128,-0.9580003145049582
1068,-0.24459595327902772,-0.4906083839379439
1069,0.47855854653078916,0.9377543266359405
1070,-0.43004003381463,-0.20923043166331495
1071,0.2933182872879794,0.9741765145906893
1072,-0.062433021855815396,-0.5007884922472757
1073,0.21796632074963063,-0.41969199278015956
1074,0.7187938029299217,-0.7687081499067392
1075,-0.33957652099414126,-0.44017894830078724
1076,-0.4070253434903049,0.41695249305621834
1077,-0.21037037689017063,-0.36156550420822764
1078,-0.8358552229462437,0.5986221379559712
1079,-0.541686881875056,0.036494928889447206
1080,-0.3825204795733019,0.3602256131978791
1081,0.5451269144287944,-0.8008905729642012
1082,0.5131349547883375,0.8099496604970455
1083,0.8692758833947848,-0.207398921757425
1084,0.34776807704563517,-0.3673123775442153
1085,-0.41512866205841514,0.2038092227995262
1086,0.8623401192696176,-0.5166021230085218
1087,-0.26068233242824873,0.5371433756814101
1088,0.09894214136914789,-0.44239707084045055
1089,0.8188578290018433,0.7189925039752095
1090,0.19419799377013777,0.4181396021618366
1091,-0.3163885015383373,-0.37161193046342567
1092,0.40327791506515537,0.14306926546456103
1093,-0.07900409514788213,0.5147510327172594
1094,-0.5392967615884133,-0.0814808393652565
1095,0.7435461870206473,-0.7252952279439903
1096,-0.42491773911408603,-0.8208764892132806
1097,-0.3749856127939927,-0.9502848223385761
1098,0.03102124133170024,-0.5417778960717227
1099,-0.33789455883188885,-0.24052505086716536
1100,0.3256958539319687,-0.3758527310685307
1101,-0.9314303502704921,-0.23715877280376013
1102,1.0100331231742359,-0.14212786876907454
1103,-0.4500715764124422,-0.02640081143437354
1104,-0.5119249908360493,0.16691040639995514
1105,0.6772480308396525,-0.7630888698316032
1106,0.8893814958317205,-0.4424921970010981
1107,-0.09591751392485245,0.4449106537793805
1108,-0.21378384322440228,-1.0371910185194457
1109,0.3972121335825294,0.3442282300192121
1110,0.3279536105794087,-0.3095564054567607
1111,-0.4354708000802996,-0.2900230740478055
1112,-0.4193109808079716,0.14047941942820524
1113,0.8876157497717576,-0.5612162790665177
1114,0.7382854243940591,-0.7013084732965739
1115,-0.8190778398080093,-0.5200861690938283
1116,0.4472367061876761,0.19323739269945583
1117,0.7611334076351279,-0.6818919701332451
1118,1.0164929404740657,-0.15341064482603017
1119,0.8889444462878081,-0.29565049494771056
1120,-0.5430813603927447,0.8437361793717055
1121,-0.26526091330578805,0.4498380659352624
1122,-0.8438803470702184,-0.5631116714476537
1123,1.0187917358972824,-0.2316872840455096
1124,0.596535363505858,0.827081289166464
1125,0.21717177062958018,-1.0007350355094677
1126,-0.9219877561878324,-0.4946308308775402
1127,-0.49795235943069693,0.32749978837677207
1128,-0.9686404773241075,0.28840510840301814
1129,-0.448923362548609,-0.2591463104570459
1130,-0.22029063936247548,-0.36807148413550184
1131,0.9287717623448412,-0.39540737677236376
1132,0.09575848552381458,-0.977807554914232
1133,0.4392584899465121,-0.02735935386748515
1134,0.7028944285252332,-0.7383822416071253
1135,-0.8356359977508674,0.5011846998599773
1136,-0.1518515844995027,0.4114650959360017
1137,-0.8603243278866789,-0.40361948470829984
1138,0.9112352217454996,0.5982431694897647
1139,0.011162726561353836,0.4586007073690814
1140,-0.4404561409049806,0.9359145602483252
1141,-0.41238636983996657,0.3342410350542355
1142,0.3050505145234199,-0.37335775526898185
1143,-0.3308352713093498,-0.35144566579753417
1144,0.15499364218059147,0.48077281731404214
1145,0.38750103430388616,0.15256819963402038
1146,1.0414450430012812,0.011622810784271319
1147,-0.8296617256944235,0.6331117586074486
1148,-0.6594909809592953,-0.6962367730060208
1149,0.19468707285776735,0.9378640456307529
1150,-0.5195428495748078,0.04935349070425443
1151,-0.4743314687811377,-0.01680505717662712
1152,0.4616991514487949,0.11970837627220085
1153,-0.03890522963453503,-0.9959106858116574
1154,0.1811030292921714,-0.9871137793389342
1155,-0.36858534820659233,0.9853111127546094
1156,-0.11846582465755404,0.5298034165488593
1157,-0.4029670071060518,-0.0186486374850412
1158,0.9255216191596158,0.42881576541709576
1159,0.1390436388798666,0.4683122755363147
1160,0.417641245941911,-0.2478434023866959
1161,0.5120290405788064,-0.016186986439991696
1162,-0.29654559436904926,-0.954829182407105
1163,0.859150765499017,-0.278031514740234
1164,-0.28785478408453063,-0.4616514398524897
1165,0.5345442485745524,-0.14822242775872768
1166,0.5987799876460818,0.70017187752198
1167,0.7492585342998357,0.737112242585046
1168,0.24421711572149293,-0.48870679014893736
1169,-0.3452705756384074,-0.9737198559867644
1170,-0.5668473995467526,-0.7879019725928238
1171,-0.05644408280414768,-1.0134571111120974
1172,0.22278973422777842,0.9282301233292322
1173,-0.6660571289799614,0.724307271475445
1174,0.2538048819165702,0.3197351548017543
1175,0.20437646434617152,0.42362007421869763
1176,-0.06728638497643871,-1.030584289586588
1177,0.4398904727435124,0.130032709607235
1178,0.7348183824624489,-0.5007850118351357
1179,-0.8438118856202229,0.5173306312575148
1180,-0.9202720783930985,-0.4711681981781317
1181,0.2542589700287223,0.39630373823881304
1182,0.23285700563775724,-0.9864093043169625
1183,0.4327054051934428,0.25630020617422256
1184,0.4976651718173039,-0.06748156209742083
1185,-0.2186193471914084,-0.4865874873713668
1186,0.1618164701410087,-0.898425001199777
1187,0.05065572424559961,0.5569581509700023
1188,-0.3451785611362036,0.3676648640925085
1189,-0.8754573636914252,-0.2635302660628508
1190,-0.5707473724252738,-0.08496925555334092
1191,0.4245691003044493,0.33570933968965
1192,0.35719159437679937,-0.3890202810006875
1193,-0.1642427831015876,0.4656073731318674
1194,0.94601993141973,-0.15195434431849203
1195,-0.4791177885017253,-0.031111802098321123
1196,-0.8446280171839431,-0.5024330968883055
1197,0.7853834886450811,0.6001639902273631
1198,0.4404403536920449,-0.26798045294939643
1199,0.023425250782994456,0.9679236702122647
1200,0.2844128591665154,0.35992441084196847
1201,-0.8396838407398217,-0.6007319070793962
1202,0.5074102593531519,-0.05514901267936082
1203,0.8698794651896021,0.5605312115933243
1204,0.17594330004500608,0.4774411074356923
1205,0.799189645947934,0.6142164492188547
1206,-0.7766938780570445,-0.6450562092631948
1207,0.09381102952826051,1.0009234124127258
1208,0.04395748048816603,-0.49800393193672915
1209,0.1578669554472243,0.5034053664600856
1210,-1.0541414483537184,-0.10496261595697616
1211,-0.1355945502632849,-0.9658102266564377
1212,0.5139095190426813,0.7601499925438364
1213,0.7889819343091536,-0.44447937553813943
1214,0.23439268624133744,-0.5186701764670936
1215,-0.18958067261632605,0.4680690435322524
1216,0.46909876024546243,-0.2183897209127873
1217,-0.07578576484305358,0.41597092219200316
1218,-0.2156178725507563,0.429724212705737
1219,-0.5937432452740251,0.8722164028011377
1220,0.7875535907222819,-0.6935009236993058
1221,0.4535088965855118,0.10458603030764244
1222,-0.012303561320495926,0.5362944931953944
1223,-0.6777699402461999,-0.7372817506241799
1224,0.6397162482362951,0.7914258730926912
1225,-0.7286945013906604,-0.7340403856633425
1226,-0.45663068434646586,-0.026261629127484427
1227,-0.4930940269124673,0.03702634335902504
1228,0.39554086673351596,0.9926051198194803
1229,0.9284981648951464,-0.48511811712791536
1230,0.8876378603224038,-0.43832315429311497
1231,0.40720582835179303,0.10225229226563734
1232,-0.1337213749565736,0.9434775243489913
1233,-0.39248002495410744,-0.33419572195374764
1234,-0.1794589417268918,0.4783493959924875
1235,-0.9776973574717212,-0.2720913544751552
1236,-0.016664540356382214,0.4854708682401829
1237,-0.5461228244714742,-0.9027825949107923
1238,1.008813462767789,0.25287080322971534
1239,0.33840526492150513,0.4248307701275093
1240,-0.11506785854655338,0.4530222754969147
1241,-0.9532665176303132,-0.006807440280195679
1242,-0.7073631067231645,-0.5698804965960869
1243,0.8912106743872277,0.11753169112164118
1244,1.04294396081083,0.25711352537057636
1245,-0.18651030642622388,0.5080750919669745
1246,0.48829031446786386,0.30872327622769474
1247,-0.48172886783052166,-0.09602687433232535
1248,0.8179684969090365,-0.49880165308373914
1249,0.4778593042010461,0.17447415220066365
1250,-0.42075648982268554,-0.2451929040840826
1251,0.2029303931447206,-0.49704322592289474
1252,0.5500710629548661,-0.07639751952853524
1253,0.4228481323807915,-0.09223740585510021
1254,-0.8165979094448177,0.49721684391990667
1255,-1.0814914123386028,-0.039201039096788584
1256,0.3451621929958639,-0.28674355828814674
1257,0.8735248532055984,0.5853187367186667
1258,0.8009401175134994,-0.5967807889474506
1259,0.938977436041865,0.5520823222728731
1260,0.5183077062555683,0.07602146531273232
1261,-0.4145023204866012,-0.15626925394787772
1262,-0.8502398474617328,0.5854674891307328
1263,1.0432598529566097,-0.0808065889564395
1264,-0.6518657529280838,0.7428389044933534
1265,0.3910789789205461,-0.2658443205046321
1266,0.518978957106284,0.8509393649447888
1267,0.8156751755186301,-0.5712600162292747
1268,-0.6474392392891685,0.7475881265683598
1269,0.4011438786135574,-0.18845936126471896
1270,-0.1838335888280024,0.5019006456778637
1271,0.453504938144629,0.3190036855945244
1272,0.8620265303595078,-0.3758979415009557
1273,0.10909153655898282,0.5336158540722328
1274,0.40887967333694675,0.3559324067144344
1275,-0.1881915781035703,1.003870588756004
1276,-0.47101896895466966,-1.0367451902381977
1277,0.0947986800306416,0.9896384886687143
1278,-0.11528763760199517,-0.9730389869735822
1279,-0.833806337180735,0.5716884317520303
1280,-0.3602852044055257,0.25502677817450076
1281,-1.0407042644856597,0.12550927529996606
1282,-0.6385038114104841,0.6550933420683323
1283,-0.5998015165422099,-0.17278633173759692
1284,-0.4090715758563005,-0.09507636296211212
1285,-0.6310429690912917,-0.7523939083786484
1286,0.26946934705005166,-0.2262422464445593
1287,0.9193654408387859,0.31884840835557193
1288,-0.47497717859764793,-0.9039633837690706
1289,0.9617738748299296,-0.4492687833396085
1290,0.7729717797084067,-0.6686163667058844
1291,0.06449871425655562,1.0623728030321433
1292,-0.20663899474486544,-0.987959233012847
1293,-0.45119806040946386,-0.2949996155049566
1294,-0.5268431246411944,0.04652232766635418
1295,-0.7343116208759068,0.7752002971238796
1296,0.5902000717704933,0.8021487402728963
1297,0.44455278656934527,-0.027797170533537658
1298,-0.9463403678013612,0.24953489122142491
1299,0.08063424419013084,0.9810855327964347
1300,0.5158107097199752,-0.027790813026139817
1301,-0.5379881742427564,0.07628408013847793
1302,0.5400861097307535,0.045017679296037255
1303,0.3441653915970195,-0.31959417413210356
1304,0.637832623207281,-0.7577791092929835
1305,-0.3506081635519207,0.44548466712717916
1306,0.4525048263881357,-0.14873192094424154
1307,0.5081760143535929,0.14358352850429423
1308,-0.09872383845688422,-0.49176641326689297
1309,0.3616423178833358,-0.4030341247221374
1310,-0.28558448654567836,0.517916283531793
1311,0.3599424757990547,-0.39290146765149664
1312,-0.4128561363282333,-0.2618533340951954
1313,-1.1070657994909587,-0.07208368419210195
1314,-0.5888479881958949,0.7489462967048544
1315,-0.4397196221227272,0.8860025872594296
1316,0.8969236055898037,0.1701755106314748
1317,-0.05693314378624926,-0.5463462888386303
1318,0.7653677649558801,0.6109185187253107
1319,-0.5155980048433072,1.0594756228524413
1320,0.23541833646794907,1.0221434823010416
1321,0.10413071107556426,-0.5557559930841373
1322,0.24888261051175753,-0.4309196365541082
1323,-0.8418029705842458,-0.5722298880879267
1324,-0.581902323685282,-0.762416719808271
1325,-0.12184046850932057,0.8892509401087079
1326,-0.4053777206280813,-0.9998606305828656
1327,-0.3265402672877342,-0.4090118432769849
1328,-0.8130976089409847,0.6344201063883601
1329,0.5002673363018015,-0.11168084299245591
1330,0.39642503745721946,-0.12416627624860585
1331,-0.9438656349277509,-0.30934876267350647
1332,0.40482842939367547,-0.16819228431202965
1333,-0.4540338509634856,-0.8242292689430638
1334,-0.05315727137746416,0.590551966060076
1335,-0.0327556562014342,0.48232805754928443
1336,0.04471371826388608,-1.0165057031930782
1337,-0.060037822196903,0.9763975834846793
1338,-0.799810306273793,0.5706450424499883
1339,-0.8075928719016235,-0.6094751323258759
1340,-0.3471416514439422,-0.42832303436305247
1341,-0.9036745293196199,0.2465603068537278
1342,0.2525895169399452,-0.4243839613456575
1343,0.2656645553330587,-0.9092267863636021
1344,-0.5892704901938,-0.8132501991770686
1345,-0.9437842622404335,-0.5957287606429967
1346,0.48294762423220206,0.16867057974105604
1347,-0.07547985910098495,-0.9149524667624166
1348,0.4026196333333403,0.35565629919928404
1349,-0.29756793141592197,-0.3117377533540464
1350,-0.29420779088771387,-0.408485566891464
1351,-0.39780721994736234,-0.8901695572592788
1352,-0.5209080555700136,-0.2554126753629315
1353,0.09638835523854093,0.5298755792704224
1354,-0.5384943082173368,0.8206759891094209
1355,-0.19165565167347937,1.0457303211809583
1356,0.5271466180709878,-0.06102421233569248
1357,1.004345756377711,-0.03141635719449408
1358,-0.42267208769795117,-0.013038940394701437
1359,-0.32480996416211055,-0.3015312490271336
1360,-0.006511986424793843,-1.0483705472110547
1361,1.0343835522971245,-0.2903299472762907
1362,-0.794188430059905,0.619374730592606
1363,0.07221733253095382,-1.051073652162541
1364,-0.3628735842752526,0.37147006982306996
1365,-0.45064980960201534,-0.10980004029186265
1366,0.3269194339676521,-0.3017345230244677
1367,-0.9863988913434357,0.41984630739474527
1368,-0.4953681304706545,0.1262541333175597
1369,0.964340341933188,0.072961043334127
1370,-0.0746074382405461,-0.5084628232381977
1371,-0.5131538926166096,-0.10960434258319207
1372,-0.3949885216265545,-0.26354286961755147
1373,0.9964865432758827,0.1489186928270202
1374,0.4035471865402118,-0.29036072382338346
1375,-0.21169867992019273,0.2928664928045396
1376,0.1919240607372654,0.4086990504736142
1377,0.3451650961489942,0.9939787251445537
1378,-0.9180077748571797,-0.5134110140653787
1379,-0.47628130237131844,0.0829537082241967
1380,-0.22957392903802426,-0.46611435838115806
1381,0.8587976019515164,-0.635247720520748
1382,-0.5499899958229344,-0.1309638819137247
1383,0.3909446196775181,0.8832339910075508
1384,0.895030051197951,-0.48261394419001463
1385,0.304307370201835,0.41404767452162716
1386,0.1280735273440042,-0.5258451630537019
1387,0.2754205042878658,0.8809057981434394
1388,0.26733533254513875,0.4679762151203183
1389,0.6368517545107016,-0.7141883437317139
1390,-0.8503459182860049,-0.5020351891147191
1391,-0.3708597482055739,0.4925201899419274
1392,-0.034150802202216446,-0.9928935241892108
1393,0.08251343129939137,-0.5295985635674112
1394,-1.0324212694495751,0.11750495710886767
1395,0.027815262829099158,0.5251851202012932
1396,0.039122997842365906,-0.5071345141530295
1397,0.00588291741443453,0.47397116433922276
1398,0.7007603114401314,-0.7270482848971515
1399,-0.4580621847682249,-0.19011725021512016
1400,0.3273628312082229,-0.3177484482742177
1401,-1.0353635589720127,-0.10987879347195911
1402,-0.1496513366805616,0.4529358832964304
1403,-0.8645195396596144,0.5397760743694725
1404,1.0173462633265882,0.4378250203649037
1405,0.10508954704586138,0.8811123776427685
1406,0.9341561055668546,0.07678975686913173
1407,0.855071641006793,0.5375681944531128
1408,-0.07893280704862365,-0.4686732608458173
1409,0.18733595462369176,0.5623208560413068
1410,0.5235796374909031,0.1696672534790017
1411,-0.14978448223898655,-0.45931603543135646
1412,0.7167310419110533,-0.6911115453131641
1413,-0.4299058352254065,0.15534303780845976
1414,0.05206044012721034,-0.5188907846944822
1415,-0.18974083033255357,0.9878470491634087
1416,-0.35263681012602943,-0.4080218319791586
1417,0.5214121248510598,-0.09891502667836982
1418,-0.3741915433429825,0.8755701609170764
1419,0.7760819351789106,0.511597856198134
1420,0.2436318230926021,0.4989941710916114
1421,0.3301425424261314,-0.3878991378563551
1422,0.23185819546778427,-0.9047858542317269
1423,-0.41674022177320824,0.3768048709267746
1424,-0.525574850160641,-0.21417716544619841
1425,-0.10456620556279794,0.3519555356219106
1426,0.43591887027466375,0.2546495747822298
1427,-0.6171997039193461,0.6882361331211618
1428,0.38092302997325417,0.3386184477008012
1429,-0.7204239776153857,0.6323166690785641
1430,-0.3474648861142768,0.4029535841584523
1431,0.08328832251827123,0.4571278241542835
1432,0.404608532270784,-0.3494137757249846
1433,0.3660222217739185,0.39725822441374464
1434,-0.9865868330333583,-0.0327650177315878
1435,-0.3721975067083695,0.9943410656560145
1436,0.6446508377122145,0.7293417700416317
1437,0.38641200478691434,0.47407343640584104
1438,-0.4977208572503414,0.10725018463733749
1439,-0.45724008262151067,1.0131499808479372
1440,0.24032653047238145,-0.9875078925417482
1441,-0.45807481995120064,0.425873012533615
1442,0.4191564085398899,-0.9111255735709853
1443,0.21181649032871097,-0.5251171389237446
1444,0.35658749659169753,-0.3080806956277625
1445,-0.7160019939282883,-0.6727449512403556
1446,-0.757579237035331,0.7052524589642812
1447,0.4269575942632037,-0.10256078838147792
1448,0.4509568270442128,0.2234288602299278
1449,0.11755296870983095,-0.9744918414502679
1450,0.4108148199763495,-0.2665158064586516
1451,-0.3278003082836545,-0.30846419979008455
1452,-0.004255244915037159,0.4499967906578128
1453,-0.5074757655319553,-0.011909035132051507
1454,-0.9141652433860434,0.3420751860434234
1455,-0.07731224679180222,-0.9832998806775829
1456,-0.26821674644898685,-0.3455379739403198
1457,-0.2566810638885443,-0.4723004842857386
1458,-0.2774697420767277,0.9516176392521085
1459,0.8700804915413176,-0.7273604079553283
1460,0.32083424371413505,0.5613122704006938
1461,-0.10926316623124763,-0.4521514180725161
1462,0.45256102087063865,0.19943939578582753
1463,-0.4299149354836441,0.20971310167786889
1464,0.05716092971513505,-0.47580159790586507
1465,0.8398901417159788,0.5839257872882697
1466,0.9948675259947236,0.12974072803663986
1467,-0.7072573606364886,-0.7743040526517686
1468,0.4479329559954317,-0.18233224523518768
1469,0.3206567508488176,-0.3762500441251228
1470,0.10653019820418559,-0.42931124871492476
1471,0.4387710167270925,-0.08278048981206035
1472,0.4525345146946419,-0.8727422595430737
1473,-0.7553464592670804,-0.5977364057597526
1474,-0.9560872091724021,0.08074912165841777
1475,0.3545803431090514,-0.4354033535633812
1476,0.20632505846327953,0.9066874571660697
1477,0.9807945168738244,0.1633963136322812
1478,0.5350060402180327,0.16914464331628204
1479,-0.32642775940548735,-0.9486419770067548
1480,-0.3352111854598127,-0.9502066310741997
1481,-0.6422315031543856,-0.7490289465897314
1482,-0.15515893690089105,0.4474776438902183
1483,0.9133356746684566,0.008644098956823387
1484,0.7058657193770845,0.7173329970528678
1485,0.09073300875432583,-0.5012761253545875
1486,0.4283233033499785,0.8636603911006471
1487,-0.8804750507183126,0.37735218710630625
1488,-0.009173421447136303,0.5364435881397048
1489,-0.35306450438221704,-0.4274027648429939
1490,0.10307313822224183,-0.9577274184937351
1491,0.8304490521771148,0.4478136529082406
1492,0.4235057361935871,0.2502693486285063
1493,0.721774611043875,0.6358848924249458
1494,-0.564860837981699,0.7813101982788295
1495,0.23983153172657917,-0.4391700798470983
1496,-0.5486931087017387,-0.8932681592962279
1497,0.30399506461939746,-0.41782346140635673
1498,-0.2914139730737022,0.43642538214792853
1499,0.517285402637085,0.12053759670396086
